{"cameraMode":{"drawMode":0,"name":"Shaded","section":"Shading Mode"},"sceneLighting":true,"audioPlay":false,"sceneViewState":{"m_AlwaysRefresh":false,"showFog":true,"showSkybox":true,"showFlares":true,"showImageEffects":true,"showParticleSystems":true,"showVisualEffectGraphs":true,"m_FxEnabled":true},"in2DMode":false,"pivot":{"x":1.3630244731903077,"y":0.22835540771484376,"z":0.7734140157699585},"rotation":{"x":0.006216961890459061,"y":-0.557187020778656,"z":0.0041960799135267738,"w":0.8303744196891785},"size":3.727308988571167,"orthographic":true}