{"cameraMode":{"drawMode":0,"name":"Shaded","section":"Shading Mode"},"sceneLighting":true,"audioPlay":false,"sceneViewState":{"m_AlwaysRefresh":false,"showFog":true,"showSkybox":true,"showFlares":true,"showImageEffects":true,"showParticleSystems":true,"showVisualEffectGraphs":true,"m_FxEnabled":true},"in2DMode":false,"pivot":{"x":0.23850366473197938,"y":0.3732149004936218,"z":-0.019854195415973665},"rotation":{"x":-0.01823410578072071,"y":-0.4959072768688202,"z":-0.010413790121674538,"w":0.8681313991546631},"size":2.2528486251831056,"orthographic":true}